,model_name,ave_llava_itw,llava_complex,llava_conv,llava_detail,ave_heron,heron_complex,heron_conv,heron_detail
0,team-hatakeyama-phase2/Tanuki-8B-vision-v4-checkpoint-18000,2.9346872082166198,3.6785714285714284,2.0588235294117645,3.066666666666667,3.1769841269841272,3.15,3.3333333333333335,3.0476190476190474
